k,n,mean_abn,car
-250,27813,4.531318230146601e-05,4.531318230146601e-05
-249,27820,0.00010506993258744178,0.0001503831148889078
-248,27820,0.00018907686781386218,0.00033945998270277
-247,27820,0.00015159649922674885,0.0004910564819295188
-246,27820,-3.901864204218172e-06,0.0004871546177253006
-245,27820,9.419684594579766e-05,0.0005813514636710983
-244,27820,0.00012886159091434214,0.0007102130545854405
-243,27820,0.00013875049029882705,0.0008489635448842675
-242,27820,1.6617236760104337e-05,0.0008655807816443719
-241,27820,0.00016709083007398546,0.0010326716117183574
-240,27820,7.619909971416391e-05,0.0011088707114325213
-239,27820,2.393300210786808e-05,0.0011328037135403893
-238,27820,6.265820590162448e-05,0.0011954619194420137
-237,27820,0.0002373757948109518,0.0014328377142529655
-236,27820,-0.0001146698893247344,0.001318167824928231
-235,27820,8.491167420137496e-05,0.001403079499129606
-234,27820,0.00011576843350248688,0.001518847932632093
-233,27820,3.944128273921148e-05,0.0015582892153713044
-232,27820,4.589621384238008e-06,0.0015628788367555424
-231,27820,0.00020450230158985247,0.001767381138345395
-230,27820,8.994931527080788e-05,0.001857330453616203
-229,27820,-2.0959505639691457e-05,0.0018363709479765115
-228,27820,-1.534653862405461e-05,0.0018210244093524567
-227,27820,0.000179447239960143,0.0020004716493125995
-226,27820,0.000203962690816098,0.0022044343401286977
-225,27820,9.597151019736788e-05,0.0023004058503260654
-224,27820,-9.618587034774025e-06,0.0022907872632912914
-223,27820,-7.970133924986483e-05,0.0022110859240414265
-222,27820,-1.1828801991228455e-05,0.002199257122050198
-221,27820,4.1627452804897574e-05,0.0022408845748550957
-220,27820,-2.844103443620585e-05,0.00221244354041889
-219,27820,0.00016106500201950235,0.0023735085424383922
-218,27820,0.00019005657506256874,0.002563565117500961
-217,27820,7.62324188334226e-05,0.0026397975363343837
-216,27820,-1.2852411743725835e-05,0.002626945124590658
-215,27820,0.00018914999503753856,0.0028160951196281965
-214,27820,-5.723389633529635e-06,0.002810371729994667
-213,27820,-2.143882343578969e-05,0.0027889329065588775
-212,27820,-3.135205002207708e-05,0.0027575808565368006
-211,27820,8.671655895797804e-05,0.0028442974154947787
-210,27820,5.104763757340726e-05,0.002895345053068186
-209,27820,-0.00010041352475932153,0.002794931528308864
-208,27820,-1.128007883521621e-05,0.002783651449473648
-207,27820,7.280914015016352e-05,0.0028564605896238115
-206,27820,0.0001521893171641491,0.0030086499067879607
-205,27820,-0.00013358505847446334,0.0028750648483134972
-204,27820,2.98411796217631e-05,0.0029049060279352605
-203,27820,0.00010331337038467464,0.003008219398319935
-202,27820,-2.8539081530213847e-05,0.0029796803167897214
-201,27820,5.990197722609552e-05,0.0030395822940158168
-200,27820,0.0001093076595814003,0.003148889953597217
-199,27820,0.0001339547870182475,0.0032828447406154644
-198,27820,7.218690879740066e-05,0.003355031649412865
-197,27820,5.3461030469223704e-05,0.003408492679882089
-196,27820,2.375815567377067e-05,0.0034322508355558597
-195,27820,-0.00012262174379545093,0.003309629091760409
-194,27820,-3.983258222956898e-06,0.003305645833537452
-193,27820,0.0002116860702922912,0.003517331903829743
-192,27820,0.00014688546166054462,0.0036642173654902878
-191,27820,-1.692248074971831e-05,0.0036472948847405696
-190,27820,0.00017219971274853358,0.003819494597489103
-189,27820,0.00017051181761314001,0.003990006415102243
-188,27820,6.413598021626942e-05,0.0040541423953185125
-187,27820,4.9345756226374194e-05,0.004103488151544887
-186,27820,7.438691733798106e-05,0.0041778750688828675
-185,27820,0.00011936993869092283,0.0042972450075737904
-184,27820,-5.641264989259069e-05,0.0042408323576812
-183,27820,9.493641287292751e-05,0.004335768770554127
-182,27820,9.737937873959533e-05,0.004433148149293722
-181,27820,-6.787247072949205e-05,0.00436527567856423
-180,27820,-8.218388876375822e-05,0.004283091789800472
-179,27820,-1.4418817495563856e-05,0.004268672972304908
-178,27820,9.708547513694592e-05,0.0043657584474418535
-177,27820,-1.293543968368545e-05,0.004352823007758168
-176,27820,-2.3013964055177835e-05,0.00432980904370299
-175,27820,-0.00011933590856984693,0.004210473135133143
-174,27820,-6.503227048782438e-06,0.00420396990808436
-173,27820,0.00013497996022011248,0.0043389498683044725
-172,27820,-6.103641150580792e-05,0.004277913456798664
-171,27820,0.00018869734891398368,0.004466610805712648
-170,27820,0.0001582299931250512,0.004624840798837699
-169,27820,6.89977223950054e-05,0.004693838521232704
-168,27820,7.625517970496442e-06,0.0047014640392032
-167,27820,0.00013075428042581724,0.004832218319629018
-166,27820,1.0520065548746462e-05,0.004842738385177764
-165,27820,0.00018235643282385813,0.005025094818001622
-164,27820,0.0001030142723845941,0.005128109090386216
-163,27820,0.00026485603953281577,0.005392965129919032
-162,27820,4.316922102957754e-05,0.005436134350948609
-161,27820,0.00016353297216286763,0.005599667323111477
-160,27820,6.646126392882704e-06,0.00560631344950436
-159,27820,-4.422114569756068e-05,0.005562092303806799
-158,27820,-5.5935526454235036e-05,0.005506156777352564
-157,27820,-3.222715996761146e-05,0.005473929617384953
-156,27820,3.253963116849378e-05,0.005506469248553447
-155,27820,-3.378752199518874e-05,0.005472681726558258
-154,27820,1.1958446609469563e-05,0.005484640173167727
-153,27820,5.5217707336287094e-05,0.005539857880504015
-152,27820,0.00016607374282861723,0.005705931623332632
-151,27820,1.3857626087319289e-05,0.005719789249419951
-150,27820,2.8433618906740267e-06,0.0057226326113106255
-149,27820,-1.7467375465206493e-05,0.005705165235845419
-148,27820,-9.87906805157872e-05,0.005606374555329631
-147,27820,-6.870683223178147e-05,0.005537667723097849
-146,27820,9.140411586517595e-05,0.005629071838963025
-145,27820,-3.742275008418642e-05,0.005591649088878839
-144,27820,7.382312646192272e-05,0.005665472215340761
-143,27820,0.00011575023235421566,0.0057812224476949765
-142,27820,3.882020203527171e-05,0.005820042649730248
-141,27820,-6.0190596523420745e-06,0.005814023590077906
-140,27820,2.5827029012394258e-05,0.0058398506190903
-139,27820,5.2602474775364994e-05,0.005892453093865665
-138,27820,0.0001435765586802568,0.006036029652545922
-137,27820,9.841707503186515e-05,0.006134446727577787
-136,27820,0.00014661935314377492,0.006281066080721562
-135,27820,-9.129184233072027e-05,0.006189774238390842
-134,27820,1.9308619641858293e-05,0.006209082858032701
-133,27820,0.00026460571901589365,0.006473688577048595
-132,27820,3.0320829513910355e-05,0.006504009406562505
-131,27820,1.4956020810387224e-05,0.006518965427372892
-130,27820,0.00017829623627529432,0.006697261663648186
-129,27820,0.0002129229763121347,0.006910184639960321
-128,27820,5.616761798399326e-05,0.006966352257944314
-127,27820,0.00015377746216301767,0.007120129720107332
-126,27820,2.2506936217216488e-05,0.0071426366563245485
-125,27820,0.00021808293460055608,0.007360719590925105
-124,27820,9.055475737141373e-05,0.007451274348296518
-123,27820,0.00019338743992918092,0.007644661788225699
-122,27820,0.0003234063522676073,0.007968068140493306
-121,27820,8.286286464002216e-05,0.008050931005133329
-120,27820,7.947230311958474e-05,0.008130403308252914
-119,27820,-6.006066122632271e-05,0.008070342647026591
-118,27820,-8.099737534659896e-05,0.007989345271679993
-117,27820,-5.0485503051235225e-05,0.007938859768628757
-116,27820,-2.590703368392659e-07,0.007938600698291918
-115,27820,0.00024641048511583614,0.008185011183407753
-114,27820,6.929450606194665e-05,0.0082543056894697
-113,27820,9.38817901386581e-05,0.008348187479608358
-112,27820,-7.752960185797568e-05,0.008270657877750382
-111,27820,-6.207583949080769e-06,0.0082644502938013
-110,27820,6.489537081922414e-05,0.008329345664620525
-109,27820,0.00013000246499601792,0.008459348129616543
-108,27820,2.4704227907292308e-05,0.008484052357523836
-107,27820,0.0002262896903676681,0.008710342047891504
-106,27820,0.00013842444182526496,0.00884876648971677
-105,27820,4.170528459623171e-05,0.008890471774313001
-104,27820,0.00014798134681923505,0.009038453121132236
-103,27820,0.0001218884660200235,0.00916034158715226
-102,27820,0.0002969383306286922,0.009457279917780953
-101,27820,0.0001222235450375588,0.009579503462818512
-100,27820,7.87428949766859e-05,0.009658246357795199
-99,27820,0.0003613219166542751,0.010019568274449473
-98,27820,0.00019987284300583373,0.010219441117455307
-97,27820,0.00014774573353727234,0.010367186850992579
-96,27820,-4.558350443010488e-05,0.010321603346562474
-95,27820,0.00020645441736895777,0.01052805776393143
-94,27820,3.817588728658774e-06,0.01053187535266009
-93,27820,5.235687216999925e-05,0.01058423222483009
-92,27820,0.00018447165439132847,0.010768703879221417
-91,27820,0.00013108651983744505,0.010899790399058862
-90,27820,-2.498509820376615e-05,0.010874805300855096
-89,27820,8.171430987714857e-05,0.010956519610732244
-88,27820,3.8289485826861426e-05,0.010994809096559106
-87,27820,4.962452802420662e-05,0.011044433624583311
-86,27820,0.00014258435804199188,0.011187017982625303
-85,27820,0.00016952385656755764,0.01135654183919286
-84,27820,-3.2082487234165675e-05,0.011324459351958695
-83,27820,0.00017281990170762727,0.011497279253666323
-82,27820,0.0001885266322407438,0.011685805885907067
-81,27820,1.8622971149472328e-05,0.01170442885705654
-80,27820,0.00023146611801417802,0.011935894975070718
-79,27820,0.0001036680101386713,0.012039562985209388
-78,27820,0.00010993277194034558,0.012149495757149733
-77,27820,-1.7811864703785435e-05,0.012131683892445948
-76,27820,0.00013800427138024003,0.012269688163826188
-75,27820,9.013516939451089e-05,0.012359823333220698
-74,27820,-4.042069992582467e-05,0.012319402633294873
-73,27820,0.00011002861942264398,0.012429431252717517
-72,27820,0.00021621243395130514,0.012645643686668822
-71,27820,0.00010951180703842731,0.01275515549370725
-70,27820,0.00014716328175029848,0.012902318775457548
-69,27820,0.0002744621449852339,0.013176780920442782
-68,27820,2.3903789248974825e-05,0.013200684709691757
-67,27820,4.68119485711668e-05,0.013247496658262924
-66,27820,0.0002257868789635708,0.013473283537226495
-65,27820,0.00014357604742086484,0.01361685958464736
-64,27820,0.00015882260117060422,0.013775682185817964
-63,27820,0.00014283575450631724,0.013918517940324282
-62,27820,6.868834678232772e-05,0.01398720628710661
-61,27820,5.6864978199851866e-05,0.01404407126530646
-60,27820,7.53483174360111e-06,0.014051606097050062
-59,27820,0.0002129987003271572,0.01426460479737722
-58,27820,0.00011516064529004803,0.014379765442667268
-57,27820,-0.00012782620601692313,0.014251939236650345
-56,27820,9.386605454895061e-05,0.014345805291199295
-55,27820,4.436223280807075e-05,0.014390167524007366
-54,27820,0.0001418105885992035,0.014531978112606569
-53,27820,0.00015428504280986326,0.014686263155416433
-52,27820,0.00011456470848877142,0.014800827863905205
-51,27820,7.134402030679135e-05,0.014872171884211997
-50,27820,2.7609210115369615e-05,0.014899781094327366
-49,27820,-3.154190434545846e-05,0.014868239189981907
-48,27820,-1.6906770652514426e-05,0.014851332419329392
-47,27820,0.0001593446274882379,0.01501067704681763
-46,27820,-5.278180839626653e-05,0.014957895238421363
-45,27820,8.203602115653339e-05,0.015039931259577897
-44,27820,2.2350306217343374e-05,0.01506228156579524
-43,27820,3.0207219265954772e-05,0.015092488785061196
-42,27820,8.19069643069383e-05,0.015174395749368134
-41,27820,-8.458780649475988e-06,0.015165936968718657
-40,27820,0.00010620667737652067,0.015272143646095178
-39,27820,-4.65711487465716e-05,0.015225572497348606
-38,27820,6.409245215244082e-05,0.015289664949501047
-37,27820,7.600487514786538e-05,0.015365669824648912
-36,27820,-4.523045893428497e-05,0.015320439365714627
-35,27820,-5.73439126074373e-05,0.01526309545310719
-34,27820,5.9412578724050954e-05,0.015322508031831241
-33,27820,-0.00024240222581490428,0.015080105806016337
-32,27820,-9.634072139459451e-05,0.014983765084621743
-31,27820,-0.000128381312145161,0.014855383772476582
-30,27820,0.00015645856027044283,0.015011842332747025
-29,27820,7.226061776802708e-05,0.015084102950515052
-28,27820,-6.650913547214449e-05,0.015017593815042907
-27,27820,0.00012559261724028202,0.01514318643228319
-26,27820,-9.877391215324872e-05,0.015044412520129941
-25,27820,0.00011751434291221223,0.015161926863042153
-24,27820,0.00019781880509974148,0.015359745668141894
-23,27820,1.8583371136999583e-05,0.015378329039278894
-22,27820,-7.971982714789381e-05,0.015298609212131
-21,27820,0.0001981730928570914,0.015496782304988091
-20,27820,0.00011969102867470239,0.015616473333662794
-19,27820,4.456814806372144e-05,0.015661041481726517
-18,27820,9.386534409438177e-05,0.0157549068258209
-17,27820,3.0381700501485007e-05,0.015785288526322386
-16,27820,0.00012213432756874782,0.015907422853891136
-15,27820,-7.762093174108391e-05,0.015829801922150052
-14,27820,-3.0104449448668172e-05,0.015799697472701383
-13,27820,4.733311450785804e-05,0.01584703058720924
-12,27820,-6.641616984011717e-05,0.015780614417369124
-11,27820,-0.00013460328865822507,0.015646011128710897
-10,27820,0.00015681517724157486,0.01580282630595247
-9,27820,8.295958236017891e-05,0.01588578588831265
-8,27820,-5.690128818212052e-05,0.015828884600130527
-7,27820,7.639570343651505e-05,0.01590528030356704
-6,27820,3.0702735757843884e-05,0.015935983039324884
-5,27820,-0.00010847097058787851,0.015827512068737008
-4,27820,3.13500723133151e-05,0.015858862141050322
-3,27820,0.00010703873047314528,0.015965900871523466
-2,27820,-9.577793184176793e-05,0.015870122939681697
-1,27820,2.7411616445346624e-05,0.015897534556127045
0,27820,0.00014089777873879374,0.016038432334865838
1,27820,1.2985399048063608e-06,0.016039730874770643
2,27820,3.8825566139054746e-05,0.0160785564409097
3,27820,0.00018614131961985534,0.016264697760529554
4,27820,0.0001335835107135522,0.016398281271243105
5,27820,-4.53090295696929e-05,0.01635297224167341
6,27820,-5.3745869950579986e-05,0.01629922637172283
7,27820,-0.00024798266938904024,0.016051243702333788
8,27820,-5.4241518120082894e-05,0.015997002184213707
9,27820,-7.163486508486335e-06,0.01598983869770522
10,27820,3.668602391913001e-05,0.01602652472162435
11,27820,1.483480231747518e-05,0.016041359523941826
12,27820,4.382204360097918e-06,0.016045741728301924
13,27820,0.00013472587137476654,0.01618046759967669
14,27820,0.00013079125183897467,0.016311258851515666
15,27820,-4.586534222817526e-05,0.01626539350928749
16,27820,6.108352351968448e-05,0.016326477032807176
17,27820,6.221692192325507e-05,0.01638869395473043
18,27820,4.236378244806629e-05,0.016431057737178494
19,27820,5.8591125903977804e-05,0.016489648863082473
20,27820,1.7401717740903595e-05,0.016507050580823378
21,27820,6.98648169977416e-05,0.01657691539782112
22,27820,7.343422976203664e-05,0.016650349627583157
23,27820,3.0636214718976224e-05,0.016680985842302133
24,27820,-0.00014692606379999032,0.01653405977850214
25,27820,-5.593434809787583e-07,0.01653350043502116
26,27820,0.00012339826423167464,0.016656898699252836
27,27820,2.1933560809553037e-05,0.01667883226006239
28,27820,5.750548321778743e-05,0.016736337743280177
29,27820,4.4716478511078414e-05,0.016781054221791256
30,27820,0.00017934710667278113,0.016960401328464037
31,27820,1.274652091896245e-05,0.016973147849383
32,27820,5.584615528107342e-05,0.017028994004664073
33,27820,6.221098460072073e-05,0.017091204989264794
34,27820,2.5429781072571408e-05,0.017116634770337365
35,27820,0.00016021201624323824,0.017276846786580605
36,27820,-0.00014409011929354275,0.01713275666728706
37,27820,4.0886778510621747e-05,0.017173643445797682
38,27820,-0.00014595747012713535,0.01702768597567055
39,27820,0.00014608017471844548,0.017173766150388993
40,27820,-0.00011547138814877898,0.017058294762240214
41,27820,-7.767404084199717e-05,0.016980620721398217
42,27820,-1.9055717823163387e-05,0.016961565003575055
43,27820,-6.737205223993097e-05,0.016894192951335124
44,27820,-0.0001197167141131652,0.016774476237221957
45,27820,0.00028565462548512034,0.01706013086270708
46,27820,7.290444064264595e-05,0.017133035303349725
47,27820,6.585404333261155e-06,0.017139620707682986
48,27820,-0.00014983984800432895,0.016989780859678658
49,27820,-0.00016545523965339458,0.01682432562002526
50,27820,-2.6129973800761572e-05,0.0167981956462245
51,27820,0.00012151773242990066,0.0169197133786544
52,27820,-2.399233735282989e-05,0.01689572104130157
53,27820,9.339077175651553e-05,0.016989111813058084
54,27820,0.00018259681379870048,0.017171708626856786
55,27820,5.472203395807909e-05,0.017226430660814866
56,27820,-0.00013095309409128896,0.017095477566723576
57,27820,-0.00013257196071686444,0.01696290560600671
58,27820,1.5852161478404595e-05,0.016978757767485114
59,27820,-0.00012777463377327004,0.016850983133711844
60,27820,3.986301662372569e-05,0.016890846150335568
61,27820,-3.574492533450278e-05,0.016855101225001064
62,27820,-5.8281949047205914e-05,0.016796819275953858
63,27820,-4.024093102045521e-05,0.016756578344933402
