feature,auc_drop,auc_drop_sd
mkt_vol_20,0.05142738291284662,0.0037390487990870093
mkt_dist_sma_200,0.02956621836108886,0.0019130122327786336
mom_63d,0.003429500428642318,0.00037971458741482833
dist_sma_50,0.003027943313439141,0.00110267795232035
mkt_ret_1d,0.0025021767287769134,0.00136099977430444
atr_pct,0.0016922064544383497,0.00019586711804359626
vol_20_annual,0.0015074954696482346,0.0005720067647380022
gap_pct,0.0014724145713090886,0.000625023050738892
rel_volume_xs_rank,0.0010776092256058467,0.0002541406476606425
mom_21d_xs_rank,0.0008394613182820162,0.000641114869220099
range_pct,0.000693141945060686,0.00015022523387191
ret_1d,0.000600069565942681,0.00020368496323649681
mom_5d,0.0005321347732141953,1.951065923791048e-05
vol_20_xs_rank,0.00018365706820511196,0.00012680036232281058
rel_volume,5.984607604133293e-05,0.00027772428206215014
above_200,0.0,0.0
regime_bull,-0.00011499235444974627,2.3171561801300998e-05
mom_21d,-0.0002987090080448507,0.0003460434092117991
dist_52w_high,-0.0008593702867026876,0.0006719706303087073
dist_sma_200,-0.001022142675726645,0.0007468940343999996
dist_52w_low,-0.0012227890282442422,0.0011362170009912643
mom_126d,-0.0022228106279481574,0.00047323575519913686
dist_sma_20,-0.0028344993449331835,0.00013419968447418468
mkt_regime_bull,-0.010250139467053368,0.0015228346617310808
