threshold,top_n,stop_atr,trades,return_pct,sharpe,max_dd_pct,profit_factor,gross,costs,net
0.5,1,1.0,922,43.05554626422761,0.4240085451972003,22.860152985075803,1.133339945298765,9427.17119820948,5108.014799374613,4319.156398834869
0.5,1,1.5,923,31.613716543471714,0.39064458865794544,14.334523587727505,1.114859764878617,7748.643678452952,4615.689951325172,3132.9537271277786
0.5,1,2.0,930,11.883282908476534,0.2064192719054886,15.177994915321335,1.0516751805220517,5323.5393168384135,4152.56881954392,1170.9704972944924
0.5,3,1.0,1050,65.60508218777625,0.5698242548766632,15.993591785200815,1.1948922190347926,12328.63577348665,5728.882099214337,6599.753674272313
0.5,3,1.5,990,46.9488428908017,0.5028035772188273,13.48232095878682,1.1690236140055001,9630.7648286375,4925.3967102513,4705.368118386201
0.5,3,2.0,975,18.15932268731948,0.27282701858200786,17.344217475441997,1.0730609575970893,6400.550257419183,4556.849166586406,1843.7010908327775
0.5,5,1.0,1091,61.576970341036045,0.5443378326503485,16.77116549059866,1.185076664586123,11940.409295818958,5745.92200288662,6194.487292932339
0.5,5,1.5,1010,54.73055628158225,0.565795160843933,12.427336244255992,1.1948197504494713,10504.136602974757,5020.531927693577,5483.60467528118
0.5,5,2.0,985,22.883197582080108,0.3232249708352871,14.524456482448869,1.091260750995585,6916.3833843531265,4597.368613040869,2319.014771312258
0.52,1,1.0,882,31.076667023676507,0.33805319119245175,25.094658332216323,1.1036284629181992,7848.843301595432,4727.648178939695,3121.1951226557376
0.52,1,1.5,904,32.63366866346242,0.40211767981852026,14.416397340737491,1.1208374214070713,7734.941458611308,4502.831627219899,3232.109831391409
0.52,1,2.0,896,31.69121770409731,0.4356238743364218,12.583460894203501,1.1369560516774555,7317.87504692459,4171.127479228633,3146.747567695957
0.52,3,1.0,1036,48.43318792570821,0.4645659429592568,17.58098499964924,1.1519096110018727,10349.838918720692,5471.7452081200845,4878.093710600608
0.52,3,1.5,967,50.70501394177549,0.5423537494124845,11.530134928133458,1.1845835147126147,9935.247491938775,4854.229587866664,5081.0179040721105
0.52,3,2.0,950,13.352564545614175,0.2166536461628748,15.269341879284049,1.0559362597151933,5739.187574289056,4376.162297626808,1363.0252766622475
0.52,5,1.0,1064,55.00051983352754,0.5080344628433573,17.91347321526589,1.1702407274346305,11098.338421226084,5564.422370048011,5533.916051178072
0.52,5,1.5,973,52.30742400901873,0.5460944810116874,10.808018732038382,1.1884905400702734,10114.66989226775,4873.40284716422,5241.267045103534
0.52,5,2.0,957,21.66712878803545,0.31134581492996516,12.978655801919617,1.089486014171063,6627.232705511373,4429.824813603582,2197.40789190779
0.55,1,1.0,828,29.476712280572137,0.32885728925861685,21.06270872035722,1.1025633942132627,7483.181870602632,4521.982222257332,2961.1996483453
0.55,1,1.5,846,21.326592023906787,0.2971767001314306,14.9504699464088,1.0830754798449616,6328.2286296421025,4221.05086109847,2107.1777685436323
0.55,1,2.0,850,23.09516257610089,0.3443743185125174,14.374295807386774,1.1038887973184828,6242.833039997557,3954.6877032691227,2288.1453367284334
0.55,3,1.0,964,39.72620594668381,0.4076770597197836,16.097321831593902,1.136335919153017,9026.3832877507,5022.898168384442,4003.4851193662575
0.55,3,1.5,920,31.82109992138331,0.3849987710832323,12.40646387426518,1.122555517650128,7695.683489109359,4504.477347795003,3191.206141314355
0.55,3,2.0,896,12.427653787220017,0.20795185190156576,17.70700524038529,1.05438216283945,5431.006124174846,4160.471923352016,1270.5342008228306
0.55,5,1.0,995,43.65630198195427,0.43746159451523936,16.07174679013906,1.1487645281109875,9526.509262168769,5127.559342609512,4398.949919559257
0.55,5,1.5,923,39.15596115365334,0.44868196581009195,11.912503168607897,1.1498918707413215,8487.783983853797,4561.752701664885,3926.031282188912
0.55,5,2.0,901,12.286399558166439,0.2058347003270245,17.80510668552798,1.0537990757589526,5402.510691992807,4146.101914075334,1256.408777917473
0.58,1,1.0,786,55.926352872101305,0.5204170159019941,14.250932458066437,1.1917954213896071,10185.486580967081,4579.1761692208165,5606.310411746264
0.58,1,1.5,777,29.8488700630396,0.3890035872608979,15.552339020078199,1.1177750062946616,7018.1395780157945,4065.5128884987926,2952.626689517003
0.58,1,2.0,793,32.344540430876755,0.4442192185958844,12.1048629674463,1.147730576678948,6995.423331351347,3783.343490977446,3212.0798403739004
0.58,3,1.0,907,49.885840684277284,0.4795151503943669,13.471720456273067,1.1744311853381768,9927.821537733937,4902.99155693896,5024.829980794976
0.58,3,1.5,849,40.05060548025441,0.46850688519982775,12.012536747809301,1.158669260259737,8353.229991961727,4339.100320932136,4014.129671029593
0.58,3,2.0,840,20.420604540158173,0.3057731771104462,15.166857586120013,1.0916997734093614,6061.32679422187,3988.571327101807,2072.7554671200623
0.58,5,1.0,912,46.98445412468115,0.4585468727352862,13.948508178577605,1.164559264905022,9619.34236616414,4886.635243657265,4732.707122506875
0.58,5,1.5,862,51.10081637279036,0.5688016297504463,9.324291368564003,1.2057151311424312,9522.366910379405,4403.216150096219,5119.150760283188
0.58,5,2.0,845,22.072188488453804,0.33238070681583276,15.718137347175709,1.0966131810766087,6222.939495969145,4009.4351620468597,2213.504333922285
0.6,1,1.0,718,68.77160154071265,0.601617564427003,14.468049360583873,1.2409650840736683,11292.448204749924,4397.941274335881,6894.5069304140425
0.6,1,1.5,725,44.03171674823767,0.5172457213944655,11.752294113840096,1.1790700688268072,8252.159752483121,3882.422414039358,4369.737338443763
0.6,1,2.0,733,29.33719346756476,0.4178706432188413,12.40357709679246,1.1402974877553804,6431.3046190498135,3520.9627568392348,2910.3418622105783
0.6,3,1.0,847,84.36962764692902,0.6897797935415831,13.460137139007196,1.2847657471610685,13386.029284315111,4908.589967750722,8477.439316564389
0.6,3,1.5,794,88.5984509170445,0.8342311679212546,8.387228501164907,1.351292270020543,13228.721576077689,4367.509723753119,8861.21185232457
0.6,3,2.0,792,31.038445285737602,0.4403979884793031,11.199269093500593,1.1465845201513276,6921.365962803963,3788.965658827371,3132.400303976593
0.6,5,1.0,867,78.7377698445932,0.6585763712388204,13.61393447141227,1.2677638007553063,12803.725442716976,4892.39809738958,7911.327345327395
0.6,5,1.5,795,80.23143384645839,0.7762485064323825,8.770721411730339,1.3188892845604043,12259.492652564193,4292.319557809409,7967.173094754784
0.6,5,2.0,795,27.501816894121923,0.39912730613825265,11.103865932698897,1.1294694583095046,6569.916196589954,3791.17873177493,2778.737464815023
